{
    "counter": {
        "ACTIVE": 18977,
        "INACTIVE": 2023,
        "INVALID": 0,
        "MALICIOUS": 0,
        "SANE": 0,
        "VALID": 0,
        "total": 21000
    },
    "percentage": {
        "ACTIVE": 90.36666666666666,
        "INACTIVE": 9.641597559813173,
        "INVALID": 0,
        "MALICIOUS": 0,
        "SANE": 0,
        "VALID": 0,
        "total": 100.00826422647984
    }
}