{
    "counter": {
        "ACTIVE": 20570,
        "INACTIVE": 430,
        "INVALID": 0,
        "MALICIOUS": 0,
        "SANE": 0,
        "VALID": 0,
        "total": 21000
    },
    "percentage": {
        "ACTIVE": 97.95238095238095,
        "INACTIVE": 2.052212093733594,
        "INVALID": 0,
        "MALICIOUS": 0,
        "SANE": 0,
        "VALID": 0,
        "total": 100.00459304611454
    }
}