{
    "counter": {
        "ACTIVE": 19228,
        "INACTIVE": 1772,
        "INVALID": 0,
        "MALICIOUS": 0,
        "SANE": 0,
        "VALID": 0,
        "total": 21000
    },
    "percentage": {
        "ACTIVE": 91.56190476190476,
        "INACTIVE": 8.445334095891717,
        "INVALID": 0,
        "MALICIOUS": 0,
        "SANE": 0,
        "VALID": 0,
        "total": 100.00723885779647
    }
}