{
    "counter": {
        "ACTIVE": 15212,
        "INACTIVE": 5788,
        "INVALID": 0,
        "MALICIOUS": 0,
        "SANE": 0,
        "VALID": 0,
        "total": 21000
    },
    "percentage": {
        "ACTIVE": 72.43809523809524,
        "INACTIVE": 27.56978184243117,
        "INVALID": 0,
        "MALICIOUS": 0,
        "SANE": 0,
        "VALID": 0,
        "total": 100.00787708052641
    }
}