{
    "counter": {
        "ACTIVE": 16092,
        "INACTIVE": 4905,
        "INVALID": 3,
        "MALICIOUS": 0,
        "SANE": 0,
        "VALID": 0,
        "total": 21000
    },
    "percentage": {
        "ACTIVE": 76.63951993141877,
        "INACTIVE": 23.357142857142858,
        "INVALID": 0.02336812587630472,
        "MALICIOUS": 0,
        "SANE": 0,
        "VALID": 0,
        "total": 100.02003091443794
    }
}