{
    "counter": {
        "ACTIVE": 19013,
        "INACTIVE": 1987,
        "INVALID": 0,
        "MALICIOUS": 0,
        "SANE": 0,
        "VALID": 0,
        "total": 21000
    },
    "percentage": {
        "ACTIVE": 90.53809523809524,
        "INACTIVE": 9.470021923553523,
        "INVALID": 0,
        "MALICIOUS": 0,
        "SANE": 0,
        "VALID": 0,
        "total": 100.00811716164876
    }
}