{
    "counter": {
        "ACTIVE": 19435,
        "INACTIVE": 1565,
        "INVALID": 0,
        "MALICIOUS": 0,
        "SANE": 0,
        "VALID": 0,
        "total": 21000
    },
    "percentage": {
        "ACTIVE": 92.54761904761905,
        "INACTIVE": 7.458774187398722,
        "INVALID": 0,
        "MALICIOUS": 0,
        "SANE": 0,
        "VALID": 0,
        "total": 100.00639323501777
    }
}