{
    "counter": {
        "ACTIVE": 19226,
        "INACTIVE": 1774,
        "INVALID": 0,
        "MALICIOUS": 0,
        "SANE": 0,
        "VALID": 0,
        "total": 21000
    },
    "percentage": {
        "ACTIVE": 91.55238095238096,
        "INACTIVE": 8.454866075683919,
        "INVALID": 0,
        "MALICIOUS": 0,
        "SANE": 0,
        "VALID": 0,
        "total": 100.00724702806488
    }
}