{
    "counter": {
        "ACTIVE": 19634,
        "INACTIVE": 1366,
        "INVALID": 0,
        "MALICIOUS": 0,
        "SANE": 0,
        "VALID": 0,
        "total": 21000
    },
    "percentage": {
        "ACTIVE": 93.4952380952381,
        "INACTIVE": 6.5159320740316735,
        "INVALID": 0,
        "MALICIOUS": 0,
        "SANE": 0,
        "VALID": 0,
        "total": 100.01117016926976
    }
}