{
    "counter": {
        "ACTIVE": 16763,
        "INACTIVE": 4235,
        "INVALID": 2,
        "MALICIOUS": 0,
        "SANE": 0,
        "VALID": 0,
        "total": 21000
    },
    "percentage": {
        "ACTIVE": 79.82380952380953,
        "INACTIVE": 20.193591455273697,
        "INVALID": 0.011590843233845263,
        "MALICIOUS": 0,
        "SANE": 0,
        "VALID": 0,
        "total": 100.02899182231707
    }
}